{
  "field" : "heptagon",
  "symmetry" : "heptagonal antiprism corrected",
  "orientations" : [ [ 1.0, 0.0, 0.0, 0.0, 0.0, 1.0, 0.0, 0.0, 0.0, 0.0, 1.0, 0.0, 0.0, 0.0, 0.0, 1.0 ], [ 0.44504187, -0.80193776, 0.0, 0.0, 0.80193776, 0.80193776, 0.0, 0.0, 0.0, 0.0, 1.0, 0.0, 0.0, 0.0, 0.0, 1.0 ], [ -0.44504187, -1.0, 0.0, 0.0, 1.0, 0.0, 0.0, 0.0, 0.0, 0.0, 1.0, 0.0, 0.0, 0.0, 0.0, 1.0 ], [ -1.0, -0.44504187, 0.0, 0.0, 0.44504187, -0.80193776, 0.0, 0.0, 0.0, 0.0, 1.0, 0.0, 0.0, 0.0, 0.0, 1.0 ], [ -0.80193776, 0.44504187, 0.0, 0.0, -0.44504187, -1.0, 0.0, 0.0, 0.0, 0.0, 1.0, 0.0, 0.0, 0.0, 0.0, 1.0 ], [ 0.0, 1.0, 0.0, 0.0, -1.0, -0.44504187, 0.0, 0.0, 0.0, 0.0, 1.0, 0.0, 0.0, 0.0, 0.0, 1.0 ], [ 0.80193776, 0.80193776, 0.0, 0.0, -0.80193776, 0.44504187, 0.0, 0.0, 0.0, 0.0, 1.0, 0.0, 0.0, 0.0, 0.0, 1.0 ], [ 1.0, 0.44504187, 0.0, 0.0, 0.0, -1.0, 0.0, 0.0, 0.0, 0.0, -1.0, 0.0, 0.0, 0.0, 0.0, 1.0 ], [ 0.44504187, 1.0, 0.0, 0.0, 0.80193776, -0.44504187, 0.0, 0.0, 0.0, 0.0, -1.0, 0.0, 0.0, 0.0, 0.0, 1.0 ], [ -0.44504187, 0.80193776, 0.0, 0.0, 1.0, 0.44504187, 0.0, 0.0, 0.0, 0.0, -1.0, 0.0, 0.0, 0.0, 0.0, 1.0 ], [ -1.0, 0.0, 0.0, 0.0, 0.44504187, 1.0, 0.0, 0.0, 0.0, 0.0, -1.0, 0.0, 0.0, 0.0, 0.0, 1.0 ], [ -0.80193776, -0.80193776, 0.0, 0.0, -0.44504187, 0.80193776, 0.0, 0.0, 0.0, 0.0, -1.0, 0.0, 0.0, 0.0, 0.0, 1.0 ], [ 0.0, -1.0, 0.0, 0.0, -1.0, 0.0, 0.0, 0.0, 0.0, 0.0, -1.0, 0.0, 0.0, 0.0, 0.0, 1.0 ], [ 0.80193776, -0.44504187, 0.0, 0.0, -0.80193776, -0.80193776, 0.0, 0.0, 0.0, 0.0, -1.0, 0.0, 0.0, 0.0, 0.0, 1.0 ] ],
  "lights" : {
    "backgroundColor" : "#AFC8DC",
    "ambientColor" : "#292929",
    "directionalLights" : [ {
      "direction" : {
        "x" : 1.0,
        "y" : -1.0,
        "z" : -1.0
      },
      "color" : "#EBEBE4"
    }, {
      "direction" : {
        "x" : -1.0,
        "y" : 0.0,
        "z" : 0.0
      },
      "color" : "#E4E4EB"
    }, {
      "direction" : {
        "x" : 0.0,
        "y" : 0.0,
        "z" : -1.0
      },
      "color" : "#1E1E1E"
    } ]
  },
  "camera" : {
    "width" : 36.979805,
    "stereo" : false,
    "lookDirection" : {
      "x" : -0.10769657,
      "y" : 0.004042169,
      "z" : -0.99417573
    },
    "upDirection" : {
      "x" : -0.18163997,
      "y" : 0.9830793,
      "z" : 0.023674352
    },
    "lookAtPoint" : {
      "x" : 0.0,
      "y" : 0.0,
      "z" : 0.0
    },
    "perspective" : true,
    "nearClipDistance" : 0.20544337,
    "viewDistance" : 82.17733,
    "fieldOfView" : 0.44262895,
    "farClipDistance" : 164.35466,
    "position" : {
      "x" : 8.850217,
      "y" : -0.33217466,
      "z" : 81.69871
    }
  },
  "embedding" : [ 1.0, 0.22252093, 0.0, 0.0, 0.0, 0.9749279, 0.0, 0.0, 0.0, 0.0, 1.0, 0.0, 0.0, 0.0, 0.0, 1.0 ],
  "shapes" : [ {
    "id" : "58832482-771b-4666-8f6b-09ca2e044fdb",
    "vertices" : [ {
      "x" : -0.5549581,
      "y" : 0.0,
      "z" : 0.17091519
    }, {
      "x" : -0.5549581,
      "y" : 0.24697961,
      "z" : -0.17091519
    }, {
      "x" : -0.44504187,
      "y" : -0.24697961,
      "z" : -0.17091519
    }, {
      "x" : -0.44504187,
      "y" : 0.44504187,
      "z" : 0.17091519
    }, {
      "x" : -0.24697961,
      "y" : -0.44504187,
      "z" : 0.17091519
    }, {
      "x" : -0.24697961,
      "y" : 0.5549581,
      "z" : -0.17091519
    }, {
      "x" : 0.0,
      "y" : -0.5549581,
      "z" : -0.17091519
    }, {
      "x" : 0.0,
      "y" : 0.5549581,
      "z" : 0.17091519
    }, {
      "x" : 0.24697961,
      "y" : -0.5549581,
      "z" : 0.17091519
    }, {
      "x" : 0.24697961,
      "y" : 0.44504187,
      "z" : -0.17091519
    }, {
      "x" : 0.44504187,
      "y" : -0.44504187,
      "z" : -0.17091519
    }, {
      "x" : 0.44504187,
      "y" : 0.24697961,
      "z" : 0.17091519
    }, {
      "x" : 0.5549581,
      "y" : -0.24697961,
      "z" : 0.17091519
    }, {
      "x" : 0.5549581,
      "y" : 0.0,
      "z" : -0.17091519
    } ],
    "faces" : [ {
      "vertices" : [ 9, 11, 13 ]
    }, {
      "vertices" : [ 0, 1, 2 ]
    }, {
      "vertices" : [ 10, 13, 12 ]
    }, {
      "vertices" : [ 0, 3, 1 ]
    }, {
      "vertices" : [ 11, 12, 13 ]
    }, {
      "vertices" : [ 0, 2, 4 ]
    }, {
      "vertices" : [ 1, 3, 5 ]
    }, {
      "vertices" : [ 2, 6, 4 ]
    }, {
      "vertices" : [ 0, 4, 8 ]
    }, {
      "vertices" : [ 0, 8, 12 ]
    }, {
      "vertices" : [ 0, 12, 11 ]
    }, {
      "vertices" : [ 0, 11, 7 ]
    }, {
      "vertices" : [ 0, 7, 3 ]
    }, {
      "vertices" : [ 1, 5, 9 ]
    }, {
      "vertices" : [ 1, 9, 13 ]
    }, {
      "vertices" : [ 1, 13, 10 ]
    }, {
      "vertices" : [ 1, 10, 6 ]
    }, {
      "vertices" : [ 1, 6, 2 ]
    }, {
      "vertices" : [ 3, 7, 5 ]
    }, {
      "vertices" : [ 4, 6, 8 ]
    }, {
      "vertices" : [ 5, 7, 9 ]
    }, {
      "vertices" : [ 6, 10, 8 ]
    }, {
      "vertices" : [ 7, 11, 9 ]
    }, {
      "vertices" : [ 8, 10, 12 ]
    } ]
  }, {
    "id" : "d19efcc5-aa92-4e34-82be-5b6328e3ef13",
    "vertices" : [ {
      "x" : -0.24697961,
      "y" : 0.0,
      "z" : 0.17091519
    }, {
      "x" : -0.24697961,
      "y" : 0.10991626,
      "z" : 5.6799397
    }, {
      "x" : -0.19806227,
      "y" : -0.10991626,
      "z" : 5.6799397
    }, {
      "x" : -0.19806227,
      "y" : 0.19806227,
      "z" : 0.17091519
    }, {
      "x" : -0.10991626,
      "y" : -0.19806227,
      "z" : 0.17091519
    }, {
      "x" : -0.10991626,
      "y" : 0.24697961,
      "z" : 5.6799397
    }, {
      "x" : 0.0,
      "y" : -0.24697961,
      "z" : 5.6799397
    }, {
      "x" : 0.0,
      "y" : 0.0,
      "z" : 5.850855
    }, {
      "x" : 0.0,
      "y" : 0.24697961,
      "z" : 0.17091519
    }, {
      "x" : 0.10991626,
      "y" : -0.24697961,
      "z" : 0.17091519
    }, {
      "x" : 0.10991626,
      "y" : 0.19806227,
      "z" : 5.6799397
    }, {
      "x" : 0.19806227,
      "y" : -0.19806227,
      "z" : 5.6799397
    }, {
      "x" : 0.19806227,
      "y" : 0.10991626,
      "z" : 0.17091519
    }, {
      "x" : 0.24697961,
      "y" : -0.10991626,
      "z" : 0.17091519
    }, {
      "x" : 0.24697961,
      "y" : 0.0,
      "z" : 5.6799397
    } ],
    "faces" : [ {
      "vertices" : [ 9, 13, 11 ]
    }, {
      "vertices" : [ 0, 2, 1 ]
    }, {
      "vertices" : [ 0, 1, 3 ]
    }, {
      "vertices" : [ 10, 14, 12 ]
    }, {
      "vertices" : [ 0, 4, 2 ]
    }, {
      "vertices" : [ 11, 13, 14 ]
    }, {
      "vertices" : [ 12, 14, 13 ]
    }, {
      "vertices" : [ 1, 5, 3 ]
    }, {
      "vertices" : [ 2, 4, 6 ]
    }, {
      "vertices" : [ 3, 5, 8 ]
    }, {
      "vertices" : [ 0, 3, 8 ]
    }, {
      "vertices" : [ 0, 8, 12 ]
    }, {
      "vertices" : [ 0, 12, 13 ]
    }, {
      "vertices" : [ 0, 13, 9 ]
    }, {
      "vertices" : [ 0, 9, 4 ]
    }, {
      "vertices" : [ 1, 2, 6 ]
    }, {
      "vertices" : [ 1, 6, 11 ]
    }, {
      "vertices" : [ 1, 11, 14 ]
    }, {
      "vertices" : [ 1, 14, 10 ]
    }, {
      "vertices" : [ 1, 10, 5 ]
    }, {
      "vertices" : [ 4, 9, 6 ]
    }, {
      "vertices" : [ 5, 10, 8 ]
    }, {
      "vertices" : [ 6, 9, 11 ]
    }, {
      "vertices" : [ 8, 10, 12 ]
    } ]
  }, {
    "id" : "bbb5f0c1-8f0d-4313-9d58-c220894b2601",
    "vertices" : [ {
      "x" : 0.44504187,
      "y" : 0.24697961,
      "z" : 0.17091519
    }, {
      "x" : 0.5549581,
      "y" : -0.24697961,
      "z" : 0.17091519
    }, {
      "x" : 0.5549581,
      "y" : 0.0,
      "z" : -0.17091519
    }, {
      "x" : 5.295897,
      "y" : 0.0,
      "z" : 0.17091519
    }, {
      "x" : 5.295897,
      "y" : 0.24697961,
      "z" : -0.17091519
    }, {
      "x" : 5.405813,
      "y" : -0.24697961,
      "z" : -0.17091519
    }, {
      "x" : 5.850855,
      "y" : 0.0,
      "z" : 0.0
    } ],